Company_Name,Company,YEAR,IQ_TOTAL_REV,IQ_NI,IQ_TOTAL_OPER_EXPEN,IQ_EBITDA,IQ_COGS,IQ_SGA,IQ_TOTAL_ASSETS,IQ_TOTAL_LIAB,IQ_TOTAL_EQUITY,IQ_TOTAL_DEBT,IQ_TOTAL_CAP,IQ_LAND,IQ_BUILDINGS,IQ_TOTAL_EMPLOYEES,IQ_RETURN_ASSETS,IQ_RETURN_CAPITAL,IQ_RETURN_EQUITY,IQ_GROSS_MARGIN,IQ_SGA_MARGIN,IQ_EBITDA_MARGIN,IQ_ASSET_TURNS,IQ_Z_SCORE,IQ_CURRENT_RATIO,IQ_TOTAL_DEBT_EQUITY
"Hanger, Inc. (NYSE:HGR)",NYSE:HGR,FY1997,145.598,4.946,127.29,22.989,73.533,49.076,157.98261,51.35913,106.62348,28.98519,135.60867,4.26905,11.46898,1164,7.8126,9.3476,10.4204,49.4958,33.7065,15.7893,0.9941,3.01838,2.73426,27.1846
"Hanger, Inc. (NYSE:HGR)",NYSE:HGR,FY1998,187.87,13.84,162.197,31.455,92.903,63.512,205.948,43.395,162.553,15.561,178.114,4.267,12.786,1381,8.8179,10.2291,10.2832,50.5493,33.8063,16.7429,1.03245,5.84707,3.01468,9.5728
"Hanger, Inc. (NYSE:HGR)",NYSE:HGR,FY1999,346.826,10.986,297.129,63.755,169.076,113.995,750.081,515.824,234.257,451.617,685.874,4.177,21.89,3417,6.4978,7.19,5.5371,51.2504,32.868,18.3824,0.72556,1.23913,2.66821,192.7869
"Hanger, Inc. (NYSE:HGR)",NYSE:HGR,FY2000,486.031,-13.996,452.088,57.271,251.368,177.392,761.818,541.557,220.261,460.433,680.694,4.177,25.801,3284,2.8063,3.1047,-6.1586,48.2814,36.498,11.7834,0.64294,1.09914,2.48483,209.0397
"Hanger, Inc. (NYSE:HGR)",NYSE:HGR,FY2001,508.053,-9.728,450.011,82.728,245.269,180.056,699.907,483.494,216.413,397.827,614.24,4.078,26.656,2434,4.9634,5.6027,-4.4554,51.7237,35.4403,16.2833,0.69514,1.25687,2.26012,183.8276
"Hanger, Inc. (NYSE:HGR)",NYSE:HGR,FY2002,525.534,22.992,442.047,93.379,247.068,185.087,710.803,468.618,242.185,383.282,625.467,3.743,25.386,3083,7.3976,8.418,10.027,52.9872,35.2188,17.7684,0.74506,1.69229,2.8984,158.26
"Hanger, Inc. (NYSE:HGR)",NYSE:HGR,FY2003,547.903,15.646,464.589,94.004,258.383,195.516,738.348,508.81,229.538,409.436,638.974,3.562,29.557,3007,7.1864,8.2362,6.6335,52.8414,35.6844,17.157,0.75617,1.7096,3.07437,178.3739
"Hanger, Inc. (NYSE:HGR)",NYSE:HGR,FY2004,568.721,-23.394,508.181,74.071,275.961,218.689,703.306,495.24,208.066,393.111,601.177,1.157,32.915,3227,5.2491,6.102,-10.6918,51.4769,38.4527,13.0241,0.78898,0,2.78035,188.9357
"Hanger, Inc. (NYSE:HGR)",NYSE:HGR,FY2005,578.241,17.753,516.965,75.196,283.591,219.454,704.467,477.283,227.184,378.431,605.615,1.094,35.264,3290,5.4408,6.3469,8.1576,50.9562,37.9519,13.0042,0.8215,1.53652,3.0558,166.5746
"Hanger, Inc. (NYSE:HGR)",NYSE:HGR,FY2006,598.766,3.434,536.327,77.109,300.065,221.592,719.122,503.791,215.331,410.624,625.955,1.065,5.287,3303,5.4825,6.3373,1.552,49.886,37.0081,12.8779,0.84121,1.59278,3.71498,190.6943
"Hanger, Inc. (NYSE:HGR)",NYSE:HGR,FY2007,637.35,19.267,569.37,83.857,409.637,0,759.683,521.491,238.192,410.892,649.084,0.975,4.881,3364,5.7461,6.6645,8.4965,35.728,0,13.1571,0.86198,1.7313,3.39217,172.5045
"Hanger, Inc. (NYSE:HGR)",NYSE:HGR,FY2008,703.129,26.746,625.369,94.943,458.557,0,813.75,546.884,266.866,429.524,696.39,0.949,4.967,3211,6.1775,7.2242,10.5912,34.7833,0,13.5029,0.89375,1.95995,3.7142,160.9511
"Hanger, Inc. (NYSE:HGR)",NYSE:HGR,FY2009,760.07,36.093,669.55,106.839,492.876,0,875.036,559.143,315.893,415.728,731.621,0.864,4.599,3636,6.7,7.9236,12.3869,35.1538,0,14.0564,0.90014,2.11721,3.32507,131.604
"Hanger, Inc. (NYSE:HGR)",NYSE:HGR,FY2010,817.379,20.896,715.051,121.137,531.084,0,1061.479,697.052,364.427,508.684,873.111,0.839,4.299,4273,6.6051,7.9708,6.1429,35.0259,0,14.8201,0.84418,1.93381,2.80927,139.5846
"Hanger, Inc. (NYSE:HGR)",NYSE:HGR,FY2011,907.794,54.477,789.839,148.924,591.739,3.9,1126.719,698.137,428.582,508.033,936.615,0.794,4.4,4420,6.7381,8.1472,13.7393,34.8157,0.4296,16.405,0.82972,2.22034,3.64326,118.5381
"Hanger, Inc. (NYSE:HGR)",NYSE:HGR,FY2012,974.429,63.692,843.891,165.19,631.521,4.2,1237.327,734.233,503.094,520.646,1023.74,0.794,4.496,4700,6.9022,8.3236,13.6725,35.1906,0.431,16.9524,0.82437,2.28227,3.34604,103.4888
"Hanger, Inc. (NYSE:HGR)",NYSE:HGR,FY2013,1046.438,63.584,911.674,172.25,688.784,4.5,1271.66,691.44,580.22,468.259,1048.479,0.794,4.497,4800,6.714,8.1292,11.7387,34.1782,0.43,16.4606,0.83415,2.73767,3.30486,80.7036
"Community Health Systems, Inc. (NYSE:CYH)",NYSE:CYH,FY1997,684.974,-32.171,631.893,122.238,407.451,0,0,0,0,0,0,0,0,0,0,0,0,40.5158,0,17.8456,0,0,0,0
"Community Health Systems, Inc. (NYSE:CYH)",NYSE:CYH,FY1998,785.575,-183.29,695.685,166.39,451.241,0,1727.161,1480.335,246.826,1267.842,1514.668,35.804,402.853,0,0,0,0,42.5591,0,21.1806,0,0.44369,1.01655,513.6582
"Community Health Systems, Inc. (NYSE:CYH)",NYSE:CYH,FY1999,984.804,-16.789,862.27,204.185,571.535,0,1895.084,1665.376,229.708,1434.633,1664.341,41.327,470.856,10881,4.2285,4.818,-7.0462,41.9645,0,20.7335,0.54375,0.59308,1.2772,624.5463
"Community Health Systems, Inc. (NYSE:CYH)",NYSE:CYH,FY2000,1215.198,9.569,1060.086,252.736,702.988,0,2213.837,1457.663,756.174,1219.023,1975.197,46.268,536.428,15881,4.7187,5.3273,1.9412,42.1503,0,20.7979,0.59149,1.50806,1.69623,161.2093
"Community Health Systems, Inc. (NYSE:CYH)",NYSE:CYH,FY2001,1537.399,44.743,1348.247,308.82,904.877,0,2451.464,1335.799,1115.665,1038.774,2154.439,67.279,662.893,16850,5.068,5.7254,4.7922,41.1423,0,20.0871,0.65908,1.96125,1.67151,93.108
"Community Health Systems, Inc. (NYSE:CYH)",NYSE:CYH,FY2002,1967.146,99.984,1722.444,362.92,1174.86,0,2809.496,1595.191,1214.305,1192.458,2406.763,78.19,808.521,19100,5.8141,6.706,8.8444,40.2759,0,18.449,0.74783,1.98713,2.03412,98.2008
"Community Health Systems, Inc. (NYSE:CYH)",NYSE:CYH,FY2003,2420.712,131.472,2124.575,429.067,1450.181,0,3350.211,1999.622,1350.589,1474.658,2825.247,101.046,1092.102,25350,6.0095,7.0751,10.741,40.0927,0,17.7248,0.78598,1.76055,1.74866,109.1862
"Community Health Systems, Inc. (NYSE:CYH)",NYSE:CYH,FY2004,2878.864,151.433,2533.898,494.121,1745.706,0,3632.608,2392.617,1239.991,1831.735,3071.726,107.667,1200.71,26000,6.1752,7.3123,12.7269,39.3612,0,17.1637,0.82456,1.97863,2.25039,147.7216
"Community Health Systems, Inc. (NYSE:CYH)",NYSE:CYH,FY2005,3219.997,167.544,2821.534,564.625,1850.991,82.257,3934.218,2352.441,1581.777,1667.624,3249.401,121.637,1307.978,26950,6.5823,7.8795,13.5712,42.5157,2.5545,17.5349,0.85108,2.23202,2.09008,105.4272
"Community Health Systems, Inc. (NYSE:CYH)",NYSE:CYH,FY2006,3661.275,168.263,3276.218,564.343,2149.397,91.943,4506.579,2759.347,1747.232,1941.177,3688.409,144.788,1467.093,33000,5.7023,6.9376,10.8434,41.2937,2.5112,15.4138,0.86752,2.13203,1.77545,111.1001
"Community Health Systems, Inc. (NYSE:CYH)",NYSE:CYH,FY2007,6208.876,30.289,5737.264,784.934,3835.63,153.695,13493.643,11416.708,2076.935,9098.077,11175.012,439.873,4026.788,70600,3.275,3.9662,3.5265,38.2234,2.4754,12.6421,0.68987,0.9081,1.76313,438.053
"Community Health Systems, Inc. (NYSE:CYH)",NYSE:CYH,FY2008,9700.483,218.304,8728.603,1471.266,5899.04,231.167,13818.254,11796.952,2021.302,9407.223,11428.525,486.692,4354.068,66957,4.448,5.3746,11.4062,39.1881,2.383,15.1669,0.71035,1.25181,1.72587,465.4041
"Community Health Systems, Inc. (NYSE:CYH)",NYSE:CYH,FY2009,10333.501,243.15,9268.67,1615.874,6351.01,237.536,14021.472,11637.198,2384.274,9227.141,11611.415,513.707,4657.242,68885,4.781,5.777,13.8829,38.5396,2.2986,15.6372,0.74236,1.31723,1.83496,387
"Community Health Systems, Inc. (NYSE:CYH)",NYSE:CYH,FY2010,11092.422,279.983,9962.478,1724.941,6831.855,248.463,14698.123,12060.274,2637.849,9212.047,11849.896,510.596,4915.011,75500,4.918,6.0202,14.1459,38.4097,2.2399,15.5506,0.77246,1.39303,1.74855,349.2257
"Community Health Systems, Inc. (NYSE:CYH)",NYSE:CYH,FY2011,11906.212,201.948,10755.727,1803.159,7412.031,254.781,15208.84,12348.652,2860.188,9100.732,11960.92,563.557,5521.366,77000,4.8086,6.0397,12.2186,37.7465,2.1398,15.1446,0.79622,1.36511,1.48921,318.1864
"Community Health Systems, Inc. (NYSE:CYH)",NYSE:CYH,FY2012,13028.985,265.64,11808.961,1844.882,8077.422,272.829,16606.335,13442.148,3164.187,9722.905,12887.092,587.064,5886.069,84000,4.7934,6.1374,11.4955,38.0042,2.094,14.1598,0.81904,1.3677,1.59533,307.2797
"Community Health Systems, Inc. (NYSE:CYH)",NYSE:CYH,FY2013,12997.693,141.203,11975.83,1663.938,8211.863,287.412,17117.295,13627.415,3489.88,9541.16,13031.04,600.639,6102.639,78000,3.7876,4.9283,6.5303,36.8206,2.2112,12.8017,0.77084,1.37636,1.52512,273.395
Amedisys Inc. (NasdaqGS:AMED),NasdaqGS:AMED,FY1994,28.90222,1.90504,26.73577,2.62569,16.99601,9.73976,0,0,0,0,0,0,0,0,0,0,0,41.1947,33.6989,9.0847,0,0,0,0
Amedisys Inc. (NasdaqGS:AMED),NasdaqGS:AMED,FY1995,37.589,0.751,36.209,2.027,22.424,13.785,11.53673,7.25954,4.27719,4.60689,8.88408,0.16225,0.50962,0,0,0,0,40.3442,36.6729,5.3925,0,5.2427,1.32547,107.7082
Amedisys Inc. (NasdaqGS:AMED),NasdaqGS:AMED,FY1996,33.522,0.018,34.163,0.304,17.931,16.232,16.858,12.356,4.502,8.381,12.883,0,0,456,-2.8218,-3.681,-38.2495,46.5097,48.4219,0.9068,2.36114,2.99287,1.0023,186.1617
Amedisys Inc. (NasdaqGS:AMED),NasdaqGS:AMED,FY1997,25.81,-1.194,29.692,-2.642,14.567,15.125,22.87,14.593,8.277,9.862,18.139,0.22,0.717,665,-12.2143,-15.6421,-54.0574,43.5606,58.6013,-10.2363,1.29934,1.47041,1.27364,119.1494
Amedisys Inc. (NasdaqGS:AMED),NasdaqGS:AMED,FY1998,25.466,-24.871,41.557,-14.384,17.569,23.988,44.428,56.009,-11.581,23.529,11.948,0,0,1554,-29.8875,-66.8519,NM,31.0099,94.1961,-56.4831,0.75681,-2.10391,0.24835,NM
Amedisys Inc. (NasdaqGS:AMED),NasdaqGS:AMED,FY1999,97.411,1.3,100.036,0.443,46.89,53.146,44.602,54.707,-10.105,25.532,15.427,0.058,0.359,1227,-3.6855,-11.9863,NM,51.8637,54.5585,0.4547,2.18827,0.69342,0.41655,NM
Amedisys Inc. (NasdaqGS:AMED),NasdaqGS:AMED,FY2000,88.155,3.77,90.719,0.308,41.468,49.251,38.97,43.491,-4.521,16.099,11.578,0.058,0.195,1100,-3.835,-11.8681,NM,52.9601,55.8686,0.3493,2.10968,1.32357,0.6664,NM
Amedisys Inc. (NasdaqGS:AMED),NasdaqGS:AMED,FY2001,110.174,5.386,102.711,10.902,49.046,53.665,60.854,57.479,3.375,25.85,29.225,0.058,0.214,1521,9.3451,22.8629,NM,55.4831,48.7093,9.8952,2.20736,1.91079,0.6062,765.9259
Amedisys Inc. (NasdaqGS:AMED),NasdaqGS:AMED,FY2002,122.075,0.752,121.304,3.718,58.244,63.06,58.959,41.996,16.963,11.895,28.858,0.122,0.194,1872,0.8043,1.6592,7.395,52.2883,51.6567,3.0456,2.03776,2.51689,0.73132,70.1232
Amedisys Inc. (NasdaqGS:AMED),NasdaqGS:AMED,FY2003,142.473,8.407,128.135,17.41,58.554,69.581,92.473,41.074,51.399,8.278,59.677,0,0.193,2075,11.8353,20.2434,24.5955,58.9016,48.838,12.2198,1.88168,3.28187,1.45793,16.1053
Amedisys Inc. (NasdaqGS:AMED),NasdaqGS:AMED,FY2004,227.089,20.504,193.711,37.504,96.078,93.507,199.733,51.26,148.473,3.821,152.294,0,0.322,3064,14.2784,19.6831,20.5171,57.6914,41.1763,16.5151,1.55431,6.2609,2.83233,2.5735
Amedisys Inc. (NasdaqGS:AMED),NasdaqGS:AMED,FY2005,381.558,30.102,331.456,57.075,163.032,161.451,339.997,147.398,192.599,53.207,245.806,2.532,0.568,5244,11.6034,15.7316,17.6514,57.272,42.3136,14.9584,1.41388,4.0408,0.95454,27.6257
Amedisys Inc. (NasdaqGS:AMED),NasdaqGS:AMED,FY2006,529.758,38.255,464.102,75.762,252.239,201.757,463.756,99.749,364.007,5.337,369.344,2.507,21.157,6062,10.2108,13.3414,13.7458,52.3859,38.0847,14.3012,1.31821,5.93324,2.18761,1.4661
Amedisys Inc. (NasdaqGS:AMED),NasdaqGS:AMED,FY2007,685.959,65.113,589.397,110.311,329.008,246.64,587.111,139.291,447.82,24.04,471.86,3.119,21.447,8900,11.4859,14.3487,16.0423,52.0367,35.9555,16.0812,1.30551,6.33495,1.61706,5.3682
Amedisys Inc. (NasdaqGS:AMED),NasdaqGS:AMED,FY2008,1163.417,86.682,1006.316,177.507,562.633,423.277,1070.194,508.076,562.118,328.574,890.692,3.2,22.9,14800,11.8491,14.4123,17.1521,51.6396,36.3822,15.2573,1.40399,3.38355,0.94978,58.4528
Amedisys Inc. (NasdaqGS:AMED),NasdaqGS:AMED,FY2009,1464.661,135.837,1226.547,266.426,705.617,493.218,1172.351,436.016,736.335,215.153,951.488,3.2,23.6,16700,13.2725,16.157,21.6392,51.8238,33.6745,18.1902,1.30625,3.80205,0.95085,29.2194
Amedisys Inc. (NasdaqGS:AMED),NasdaqGS:AMED,FY2010,1582.33,112.58,1358.649,256.27,793.991,532.896,1299.863,420.148,879.715,181.866,1061.581,3.2,25,16300,11.3097,13.8893,15.3512,49.8214,33.6779,16.1957,1.28009,4.03225,1.3592,20.6732
Amedisys Inc. (NasdaqGS:AMED),NasdaqGS:AMED,FY2011,1405.818,-382.464,1295.053,150.324,750.439,506.806,858.285,338.137,520.148,145.439,665.587,3.2,25.2,16500,6.4155,8.0163,-53.4778,46.619,36.0506,10.6929,1.3028,3.50442,1.04637,27.961
Amedisys Inc. (NasdaqGS:AMED),NasdaqGS:AMED,FY2012,1419.825,-83.588,1366.577,93.307,810.704,516.673,730.595,276.362,454.233,102.711,556.944,3.2,25.6,15200,4.1891,5.4444,-19.5523,42.9011,36.3899,6.5717,1.7872,3.03476,1.00489,22.6119
Amedisys Inc. (NasdaqGS:AMED),NasdaqGS:AMED,FY2013,1233.462,-96.178,1225.641,45.204,717.996,470.774,726.406,353.927,372.479,46.904,419.383,3.2,25.9,14300,0.6709,1.0013,-22.9105,41.7901,38.1668,3.6648,1.69315,2.13611,0.65707,12.5923
"LHC Group, Inc. (NasdaqGS:LHCG)",NasdaqGS:LHCG,FY1997,0,0,0,0,0,0,0,0,0,0,0,0,0,0,0,0,0,0,0,0,0,0,0,0
"LHC Group, Inc. (NasdaqGS:LHCG)",NasdaqGS:LHCG,FY1998,0,0,0,0,0,0,0,0,0,0,0,0,0,0,0,0,0,0,0,0,0,0,0,0
"LHC Group, Inc. (NasdaqGS:LHCG)",NasdaqGS:LHCG,FY1999,0,0,0,0,0,0,0,0,0,0,0,0,0,0,0,0,0,0,0,0,0,0,0,0
"LHC Group, Inc. (NasdaqGS:LHCG)",NasdaqGS:LHCG,FY2000,0,0,0,0,0,0,0,0,0,0,0,0,0,0,0,0,0,0,0,0,0,0,0,0
"LHC Group, Inc. (NasdaqGS:LHCG)",NasdaqGS:LHCG,FY2001,28.936,0.787,25.696,3.338,14.054,11.642,0,0,0,0,0,0,0,0,0,0,0,51.4307,39.85,11.5358,0,0,0,0
"LHC Group, Inc. (NasdaqGS:LHCG)",NasdaqGS:LHCG,FY2002,48.95,2.842,39.744,9.436,23.438,16.306,21.485,17.892,3.593,10.542,14.135,0.01,0.485,0,0,0,0,52.1184,33.5648,19.2768,0,4.35627,2.02711,293.4038
"LHC Group, Inc. (NasdaqGS:LHCG)",NasdaqGS:LHCG,FY2003,72.365,2.843,62.771,10.035,37.151,25.62,27.915,20.313,7.602,12.277,19.879,0,0.582,1667,24.2763,35.2575,109.3881,48.6616,35.4038,13.8672,2.92976,4.44711,2.09825,161.4969
"LHC Group, Inc. (NasdaqGS:LHCG)",NasdaqGS:LHCG,FY2004,116.09,9.313,94.628,22.483,57.73,36.898,47.519,29.627,17.892,18.275,36.167,0.056,1.849,1988,35.5642,47.8669,109.9082,50.2713,31.7839,19.3668,3.07792,4.90858,3.09513,102.1406
"LHC Group, Inc. (NasdaqGS:LHCG)",NasdaqGS:LHCG,FY2005,155.687,10.102,133.371,24.067,83.561,49.81,104.618,22.715,81.903,5.427,87.33,0.137,2.377,2548,18.3354,22.5875,31.6067,46.3275,31.9936,15.4585,2.04667,10.74227,3.80772,6.6261
"LHC Group, Inc. (NasdaqGS:LHCG)",NasdaqGS:LHCG,FY2006,214.43,20.594,179.105,37.752,110.794,68.311,152.694,26.858,125.836,3.837,129.673,0.135,2.891,3219,17.1605,20.3482,25.2393,48.3309,31.857,17.6057,1.66669,11.09969,4.17754,3.0492
"LHC Group, Inc. (NasdaqGS:LHCG)",NasdaqGS:LHCG,FY2007,284.769,19.589,245.988,41.807,150.038,95.95,174.985,28.105,146.88,3.431,150.311,0.135,3.079,3794,14.7938,17.3139,20.0105,47.3123,33.6939,14.681,1.7381,13.09726,3.78084,2.3359
"LHC Group, Inc. (NasdaqGS:LHCG)",NasdaqGS:LHCG,FY2008,370.82,30.202,310.328,64.232,186.254,124.074,243.4,59.456,183.944,4.991,188.935,0.342,3.719,4541,18.073,22.2891,25.7865,49.7723,33.4593,17.3216,1.77263,7.57013,1.65361,2.7133
"LHC Group, Inc. (NasdaqGS:LHCG)",NasdaqGS:LHCG,FY2009,524.522,43.886,439.476,89.877,267.781,171.695,307.615,72.232,235.383,10.206,245.589,0.667,4.385,5856,19.293,24.4652,27.6156,48.9476,32.7336,17.135,1.90384,7.51163,2.00037,4.3359
"LHC Group, Inc. (NasdaqGS:LHCG)",NasdaqGS:LHCG,FY2010,623.96,48.8,528.358,103.098,326.521,201.837,357.305,68.282,289.023,0,289.023,0.818,4.853,6758,17.9724,22.3531,24.6168,47.6695,32.3477,16.5231,1.8768,8.17086,2.08196,0
"LHC Group, Inc. (NasdaqGS:LHCG)",NasdaqGS:LHCG,FY2011,621.552,-13.244,562.934,66.139,352.346,210.588,396.376,118.294,278.082,34.82,312.902,0.673,6.275,6351,9.7219,12.173,-1.2875,43.3119,33.8809,10.6409,1.64938,5.04566,2.4031,12.5214
"LHC Group, Inc. (NasdaqGS:LHCG)",NasdaqGS:LHCG,FY2012,625.694,27.44,570.739,62.761,365.752,204.987,386.894,103.254,283.64,19.5,303.14,0.673,6.109,6552,8.7701,11.1508,12.614,41.5445,32.7615,10.0306,1.59765,4.90705,2.18674,6.8749
"LHC Group, Inc. (NasdaqGS:LHCG)",NasdaqGS:LHCG,FY2013,644.354,22.342,596.507,56.172,383.464,213.043,422.226,115.084,307.142,23.212,330.354,0.673,8.997,6727,7.3918,9.441,9.8669,40.4886,33.063,8.7175,1.59273,4.87308,2.17207,7.5574
"The Ensign Group, Inc. (NasdaqGS:ENSG)",NasdaqGS:ENSG,FY1997,0,0,0,0,0,0,0,0,0,0,0,0,0,0,0,0,0,0,0,0,0,0,0,0
"The Ensign Group, Inc. (NasdaqGS:ENSG)",NasdaqGS:ENSG,FY1998,0,0,0,0,0,0,0,0,0,0,0,0,0,0,0,0,0,0,0,0,0,0,0,0
"The Ensign Group, Inc. (NasdaqGS:ENSG)",NasdaqGS:ENSG,FY1999,0,0,0,0,0,0,0,0,0,0,0,0,0,0,0,0,0,0,0,0,0,0,0,0
"The Ensign Group, Inc. (NasdaqGS:ENSG)",NasdaqGS:ENSG,FY2000,0,0,0,0,0,0,0,0,0,0,0,0,0,0,0,0,0,0,0,0,0,0,0,0
"The Ensign Group, Inc. (NasdaqGS:ENSG)",NasdaqGS:ENSG,FY2001,0,0,0,0,0,0,0,0,0,0,0,0,0,0,0,0,0,0,0,0,0,0,0,0
"The Ensign Group, Inc. (NasdaqGS:ENSG)",NasdaqGS:ENSG,FY2002,0,0,0,0,0,0,0,0,0,0,0,0,0,0,0,0,0,0,0,0,0,0,0,0
"The Ensign Group, Inc. (NasdaqGS:ENSG)",NasdaqGS:ENSG,FY2003,0,0,0,0,0,0,0,0,0,0,0,0,0,0,0,0,0,0,0,0,0,0,0,0
"The Ensign Group, Inc. (NasdaqGS:ENSG)",NasdaqGS:ENSG,FY2004,244.536,11.103,225.23,21.24,214.759,8.537,0,0,0,0,0,0,0,0,0,0,0,12.1769,3.4911,8.6858,0,0,0,0
"The Ensign Group, Inc. (NasdaqGS:ENSG)",NasdaqGS:ENSG,FY2005,300.85,18.388,268.864,34.444,255.497,10.909,119.39,84.031,35.359,26.054,61.413,9.019,24.438,0,0,0,0,15.0749,3.626,11.4488,0,3.99814,1.42754,73.6842
"The Ensign Group, Inc. (NasdaqGS:ENSG)",NasdaqGS:ENSG,FY2006,358.574,22.549,319.682,43.113,301.251,14.21,190.531,136.659,53.872,64.528,118.4,17.265,56.927,5435,15.6862,27.0364,50.5407,15.9863,3.9629,12.0234,2.31397,3.1358,1.50935,119.7802
"The Ensign Group, Inc. (NasdaqGS:ENSG)",NasdaqGS:ENSG,FY2007,411.318,20.527,374.6,43.696,351.689,15.945,267.389,137.712,129.677,63.57,193.247,26.107,76.262,5603,10.023,14.7273,22.3667,14.497,3.8765,10.6234,1.79646,4.04056,2.09714,49.0218
"The Ensign Group, Inc. (NasdaqGS:ENSG)",NasdaqGS:ENSG,FY2008,469.372,27.509,420.717,57.696,391.674,20.017,296.901,140.88,156.021,60.551,216.572,30.44,103.278,6153,10.7779,14.8403,19.2573,16.5536,4.2646,12.2921,1.66358,3.86018,1.81217,38.8095
"The Ensign Group, Inc. (NasdaqGS:ENSG)",NasdaqGS:ENSG,FY2009,542.002,32.486,483.064,72.214,449.021,20.767,391.348,203.789,187.559,109.466,297.025,43.621,158.803,7718,10.7043,14.3444,18.9102,17.1551,3.8315,13.3235,1.57502,3.38494,1.63481,58.3635
"The Ensign Group, Inc. (NasdaqGS:ENSG)",NasdaqGS:ENSG,FY2010,649.532,40.526,573.878,92.287,531.146,26.099,479.892,251.689,228.203,142.506,370.709,46.9,179.189,8382,10.8543,14.1624,19.4948,18.2263,4.0181,14.2082,1.49105,3.43957,1.91934,62.447
"The Ensign Group, Inc. (NasdaqGS:ENSG)",NasdaqGS:ENSG,FY2011,758.277,47.675,667.581,113.982,614.529,29.766,596.339,318.854,277.485,190.013,467.498,67.179,297.016,9433,10.5339,13.5252,18.8554,18.9571,3.9254,15.0317,1.40913,3.37701,1.40097,68.4768
"The Ensign Group, Inc. (NasdaqGS:ENSG)",NasdaqGS:ENSG,FY2012,823.155,40.591,725.061,126.452,664.884,31.819,690.862,362.978,327.884,210.558,538.442,70.487,341.096,10371,9.5259,12.1893,13.5999,19.2273,3.8654,15.3618,1.27898,3.19963,1.38115,64.2172
"The Ensign Group, Inc. (NasdaqGS:ENSG)",NasdaqGS:ENSG,FY2013,904.556,24.04,812.09,126.375,738.078,40.103,760.315,403.058,357.257,261.134,618.391,79.679,379.021,11372,7.9647,9.9912,7.4898,18.4043,4.4334,13.9709,1.24665,3.42453,1.87625,73.0941
Walgreen Co. (NYSE:WAG),NYSE:WAG,FY1997,13363,436.5,12654.3,858.7,9681.8,2972.5,4207,1834,2373,0,2373,245,775,70500,11.2979,20.0605,19.769,27.5477,22.2442,6.4259,3.40849,8.31284,1.6164,0
Walgreen Co. (NYSE:WAG),NYSE:WAG,FY1998,15306.6,510.8,14471.4,1011.8,11139.4,3332,4901.6,2052.7,2848.9,0,2848.9,389.6,968.2,75000,11.4616,19.9927,20.5748,27.2248,21.7683,6.6102,3.36091,9.77307,1.66008,0
Walgreen Co. (NYSE:WAG),NYSE:WAG,FY1999,17838.8,624.1,16823.4,1209.9,12978.6,3844.8,5906.7,2422.4,3484.3,0,3484.3,547,1173.4,89000,11.7432,20.0412,19.7088,27.2451,21.553,6.7824,3.30094,11.22968,1.67465,0
Walgreen Co. (NYSE:WAG),NYSE:WAG,FY2000,21206.9,776.9,19967.7,1469.3,15465.9,4501.8,7103.7,2869.7,4234,0,4234,870,1510.7,95000,11.9058,20.0691,20.1313,27.0713,21.2279,6.9284,3.25999,10.46672,1.54104,0
Walgreen Co. (NYSE:WAG),NYSE:WAG,FY2001,24623,885.6,23224.7,1667.5,18048.9,5175.8,8833.8,3626.6,5207.2,440.7,5647.9,1166.5,1966.2,106000,10.967,17.6876,18.7603,26.699,21.0201,6.7721,3.08995,10.85071,1.45899,8.4632
Walgreen Co. (NYSE:WAG),NYSE:WAG,FY2002,28681.1,1008.1,27066.4,1902.5,21076.1,5990.3,9878.8,3648.6,6230.2,0,6230.2,1147.5,2052.4,117000,10.7861,16.9924,17.6281,26.5157,20.8858,6.6332,3.06543,10.53924,1.74827,0
Walgreen Co. (NYSE:WAG),NYSE:WAG,FY2003,32505.4,1165.1,30654.6,2177.5,23706.2,6948.4,11656.8,4539,7117.8,0,7117.8,1219.7,2221.8,130000,10.7426,17.3321,17.4572,27.0699,21.3761,6.6988,3.01876,8.57999,1.80013,0
Walgreen Co. (NYSE:WAG),NYSE:WAG,FY2004,37508.2,1349.8,35372.9,2519.4,27310.4,8062.5,13342.1,5202.4,8139.7,0,8139.7,1336.5,2422.8,140000,10.6769,17.4938,17.6935,27.1881,21.4952,6.7169,3.00079,8.5589,1.90402,0
Walgreen Co. (NYSE:WAG),NYSE:WAG,FY2005,42201.6,1559.5,39789.4,2873.9,30413.8,9375.6,14608.8,5719.1,8889.7,0,8889.7,1600.1,2706.7,155200,10.7876,17.7061,18.3153,27.9321,22.2162,6.8099,3.0197,9.13345,1.85595,0
Walgreen Co. (NYSE:WAG),NYSE:WAG,FY2006,47409,1751,44685,3272,34240,10445,17131.1,7015.3,10115.8,0,10115.8,1855.1,2537,168600,10.7278,17.9158,18.4262,27.7774,22.0316,6.9016,2.98734,8.27471,1.68634,0
Walgreen Co. (NYSE:WAG),NYSE:WAG,FY2007,53762,2041,50601,3808,38518,12083,19314,8210,11104,906,12010,2327,3068,191350,10.8416,17.8581,19.2367,28.3545,22.4749,7.083,2.9503,7.65777,1.41008,8.1592
Walgreen Co. (NYSE:WAG),NYSE:WAG,FY2008,59034,2157,55581,4257,42391,13190,22410,9541,12869,1420,14289,2892,3682,200000,10.3447,16.4122,17.9952,28.1922,22.343,7.211,2.82974,6.51252,1.57029,11.0342
Walgreen Co. (NYSE:WAG),NYSE:WAG,FY2009,63335,2006,59821,4449,45627,14194,25142,10766,14376,2351,16727,3323,4139,202000,9.2372,14.162,14.7256,27.9592,22.4109,7.0245,2.66382,5.63133,1.78003,16.3536
Walgreen Co. (NYSE:WAG),NYSE:WAG,FY2010,67420,2091,63794,4612,48404,15390,26275,11875,14400,2401,16801,3471,4377,210500,8.8151,13.5185,14.5329,28.2052,22.827,6.8407,2.62248,5.83479,1.60393,16.6736
Walgreen Co. (NYSE:WAG),NYSE:WAG,FY2011,72184,2714,68083,5129,51692,16391,27454,12607,14847,2409,17256,3545,4619,211500,9.5409,15.0519,18.5591,28.3885,22.7072,7.1054,2.68697,5.97836,1.52443,16.2255
Walgreen Co. (NYSE:WAG),NYSE:WAG,FY2012,71633,2127,68127,4602,51291,16836,33462,15226,18236,5392,23628,3517,4817,205500,7.1943,10.7193,12.8585,28.3975,23.5031,6.4244,2.35186,4.56247,1.23366,29.5678
Walgreen Co. (NYSE:WAG),NYSE:WAG,FY2013,72217,2450,68480,4920,51098,17382,35481,16027,19454,5047,24501,3519,4776,210500,6.7755,9.7056,13.0007,29.2438,24.0691,6.8128,2.09498,4.8404,1.33671,25.9432
Universal Health Services Inc. (NYSE:UHS),NYSE:UHS,FY1997,1333.887,67.276,1208.331,206.242,1127.645,0,1085.349,524.049,561.3,278.121,839.421,94.118,538.326,15247,7.6515,9.9653,13.3152,15.4617,0,15.4617,1.30063,3.55352,1.43355,49.5494
Universal Health Services Inc. (NYSE:UHS),NYSE:UHS,FY1998,1734.961,79.558,1575.749,264.654,1032.242,0,1448.095,691.665,756.43,422.27,1178.7,121.91,647.108,16920,7.8555,9.8614,13.4535,40.5034,0,15.2541,1.36965,3.52908,1.8795,55.824
Universal Health Services Inc. (NYSE:UHS),NYSE:UHS,FY1999,1876.241,77.775,1715.035,269.539,1131.632,0,1497.973,740.727,757.246,422.709,1179.955,120.496,637.822,16456,6.8398,8.5433,11.1022,39.6862,0,14.3659,1.27373,3.24458,1.85658,55.8218
Universal Health Services Inc. (NYSE:UHS),NYSE:UHS,FY2000,2049.819,93.362,1852.342,310.286,1224.449,0,1742.377,905.015,837.362,548.753,1386.115,135.307,704.065,21760,7.6178,9.6196,13.4256,40.2655,0,15.1372,1.26518,3.47693,1.9147,65.5335
Universal Health Services Inc. (NYSE:UHS),NYSE:UHS,FY2001,2600.466,99.742,2340.013,387.976,1544.464,0,2168.589,1234.775,933.814,721.266,1655.08,181.11,845.523,25750,8.3244,10.7052,13.2409,40.6081,0,14.9194,1.32983,3.44118,1.6989,77.2387
Universal Health Services Inc. (NYSE:UHS),NYSE:UHS,FY2002,2772.972,175.361,2454.007,443.759,1626.956,0,2329.137,1271.431,1057.706,688.767,1746.473,197.15,978.655,26625,8.8646,11.7213,18.8361,41.328,0,16.003,1.23306,3.55891,1.60258,65.1189
Universal Health Services Inc. (NYSE:UHS),NYSE:UHS,FY2003,2900.907,199.269,2548.569,496.804,1693.741,0,2772.73,1522.254,1250.476,879.437,2129.913,213.825,1120.313,29325,8.6325,11.3616,18.0263,41.6133,0,17.1258,1.13719,3.15498,1.6318,70.3281
Universal Health Services Inc. (NYSE:UHS),NYSE:UHS,FY2004,3330.476,169.492,3019.88,477.273,2014.529,0,3022.843,1615.714,1407.129,869.197,2276.326,255.808,1236.081,31000,6.6989,8.8112,13.3417,39.5122,0,14.3304,1.14932,3.13233,1.72238,61.7709
Universal Health Services Inc. (NYSE:UHS),NYSE:UHS,FY2005,3567.422,240.845,3253.381,477.755,2115.995,60.79,2858.709,1493.732,1364.977,642.845,2007.822,232.414,1170.122,29500,6.6742,9.1628,9.775,40.6855,1.704,13.3921,1.21309,3.41786,1.1605,47.0956
Universal Health Services Inc. (NYSE:UHS),NYSE:UHS,FY2006,3781.309,259.458,3459.584,485.419,2313.077,63.574,3277.042,1700.517,1576.525,823.301,2399.826,201.783,1356.437,30450,6.5543,9.124,13.3754,38.8286,1.6812,12.8373,1.23255,3.18919,1.4499,52.2225
Universal Health Services Inc. (NYSE:UHS),NYSE:UHS,FY2007,4272.607,170.387,3902.353,553.535,2671.315,67.867,3608.657,1881.274,1727.383,1011.902,2739.285,221.983,1585.985,33550,6.7214,9.0057,12.9545,37.4781,1.5884,12.9554,1.24101,3.16719,1.58874,58.58
Universal Health Services Inc. (NYSE:UHS),NYSE:UHS,FY2008,4545.672,199.377,4135.453,605.985,2827.658,69.882,3742.462,1971.877,1770.585,999.369,2769.954,214.531,1799.427,33700,6.9754,9.3075,13.3582,37.7944,1.5373,13.331,1.23673,3.0688,1.40685,56.4428
Universal Health Services Inc. (NYSE:UHS),NYSE:UHS,FY2009,4693.776,260.373,4173.244,725.235,2903.671,69.947,3964.463,1974.917,1989.546,959.002,2948.548,219.057,2098.164,34000,8.4426,11.3782,16.1827,38.1378,1.4902,15.4509,1.21807,3.07165,1.36612,48.202
Universal Health Services Inc. (NYSE:UHS),NYSE:UHS,FY2010,4900.147,230.183,4341.213,782.931,3080.308,75.363,7527.936,5292.404,2235.532,3923.551,6159.083,376.567,3057.313,57400,6.0793,7.6712,13.0551,37.1384,1.5379,15.9777,0.85276,1.75517,1.61094,175.5086
Universal Health Services Inc. (NYSE:UHS),NYSE:UHS,FY2011,6760.222,398.167,5863.094,1192.989,4131.867,90.323,7665.245,5099.861,2565.384,3697.907,6263.291,377.984,3244.117,55950,7.381,9.0273,18.6993,38.8797,1.336,17.6471,0.8899,2.28958,1.63084,144.1463
Universal Health Services Inc. (NYSE:UHS),NYSE:UHS,FY2012,6961.4,443.446,5983.933,1286.157,4240.538,94.885,8200.843,5200.591,3000.252,3771.02,6771.272,387.248,3366.146,55550,7.7009,9.3737,17.5738,39.0849,1.363,18.4755,0.87752,2.25796,1.57428,125.6901
Universal Health Services Inc. (NYSE:UHS),NYSE:UHS,FY2013,7283.822,510.733,6268.359,1352.819,4425.709,97.758,8311.723,4793.387,3518.336,3314.074,6832.41,388.19,3593.055,56550,7.687,9.3307,16.9982,39.2391,1.3421,18.5729,0.88222,2.72371,1.3514,94.1943
Health Management Associates Inc.,IQ29344,FY1997,818.588,108.322,636.567,218.582,600.006,0,734.041,173.821,560.22,57.913,618.133,17.993,393.448,10000,17.1621,20.4423,22.1526,26.7023,0,26.7023,1.23491,12.91255,2.71497,10.3375
Health Management Associates Inc.,IQ29344,FY1998,1040.544,136.844,810.506,280.475,760.069,0,1106.022,349.197,756.825,142.761,899.586,29.572,515.784,15000,15.627,18.946,20.7804,26.9546,0,26.9546,1.13099,10.53519,2.63073,18.8631
Health Management Associates Inc.,IQ29344,FY1999,1225.694,149.845,970.656,316.316,909.378,0,1527.381,636.858,890.523,410.873,1301.396,40.212,701.82,16000,12.1059,14.4843,18.1922,25.807,0,25.807,0.93088,5.44298,2.35429,46.1383
Health Management Associates Inc.,IQ29344,FY2000,1441.905,167.667,1140.546,375.858,1066.047,0,1772.065,741.999,1030.066,526.674,1556.74,47.365,890.537,19000,11.417,13.1798,17.4599,26.0667,0,26.0667,0.87403,4.92913,2.86817,51.1301
Health Management Associates Inc.,IQ29344,FY2001,1735.878,194.978,1394.957,431.567,1287.311,17,1941.577,687.928,1253.649,435.742,1689.391,53.582,927.635,21000,11.4752,13.1279,17.0755,25.8409,0.9793,24.8615,0.93487,6.41533,3.00516,34.7578
Health Management Associates Inc.,IQ29344,FY2002,2090.171,246.436,1667.957,517.542,1572.629,0,2364.317,984.556,1379.761,657.768,2037.529,78.879,1068.772,23000,12.2568,14.1609,18.7927,24.7607,0,24.7607,0.97084,5.33848,2.54175,47.6726
Health Management Associates Inc.,IQ29344,FY2003,2343.271,283.424,1862.083,589.71,1753.561,0,3010.526,1336.101,1674.425,934.16,2608.585,94.141,1193.965,24000,11.1907,12.9459,18.7756,25.1661,0,25.1661,0.87194,4.38824,4.08551,55.7898
Health Management Associates Inc.,IQ29344,FY2004,2856.66,325.099,2315.142,670.798,1683.92,0,3482.182,1460.803,2021.379,935.26,2956.639,115.635,1392.918,28000,10.4255,12.1629,17.7535,41.0528,0,23.4818,0.87996,4.49936,3.02084,46.2684
Health Management Associates Inc.,IQ29344,FY2005,3280.477,349.866,2739.305,697.584,1914.562,72.846,0,0,0,0,0,0,0,0,0,0,0,41.6376,2.2205,21.2647,0,0,0,0
Health Management Associates Inc.,IQ29344,FY2006,3393.482,182.749,3033.132,541.597,2094.993,76.99,4490.952,2028.74,2462.212,1340.84,3803.052,162.899,1760.498,34500,0,0,0,38.2642,2.2687,15.9599,0,3.37717,2.21229,54.4567
Health Management Associates Inc.,IQ29344,FY2007,3688.505,117.508,3276.688,633.577,2244.693,80.177,4643.919,4542.668,101.251,3764.367,3865.618,175.103,1923.65,34900,5.6352,6.7126,9.3461,39.1435,2.1736,17.177,0.80757,1.58267,1.87205,3717.8566
Health Management Associates Inc.,IQ29344,FY2008,3820.568,168.149,3426.147,636.904,2359.131,88.709,4554.232,4268.421,285.811,3490.584,3776.395,179.731,1982.021,32700,5.36,6.4515,109.1923,38.2518,2.3218,16.6704,0.83073,1.53131,2.2611,1221.2909
Health Management Associates Inc.,IQ29344,FY2009,3982.467,138.182,3540.727,673.132,2417.103,100.99,4604.099,4242.479,361.62,3238.488,3600.108,177.85,2235.392,30100,6.0292,7.4855,49.8286,39.3063,2.5358,16.9023,0.86969,1.62345,2.11441,895.55
Health Management Associates Inc.,IQ29344,FY2010,4465.713,146.803,3978.894,730.178,2719.998,122.683,4910.085,4376.599,533.486,3233.937,3767.423,201.278,2431.91,32150,6.3959,8.2595,40.779,39.0915,2.7472,16.3507,0.93875,1.81699,2.15679,606.1896
Health Management Associates Inc.,IQ29344,FY2011,5086.395,173.331,4529.924,826.852,3079.628,153.979,6002.951,5229.024,773.927,3744.49,4518.417,249.842,2848.185,36300,6.3739,8.3949,30.7408,39.4536,3.0272,16.2561,0.93217,1.70189,1.74128,483.8298
Health Management Associates Inc.,IQ29344,FY2012,5865.505,149.947,5280.093,943.156,3523.864,172.733,6386.354,5391.341,995.013,3659.66,4654.673,257.326,2964.321,36000,5.9064,7.9773,20.864,39.9222,2.9448,16.0797,0.94687,1.70198,1.48739,367.8002
Health Management Associates Inc.,IQ29344,FY2013,5542.418,-328.539,5496.95,448.363,3589.742,167.992,6384.651,5608.37,776.281,3776.767,4553.048,278.859,3206.842,0,0.445,0.6172,-34.3161,35.2314,3.031,8.0896,0.86797,1.44609,1.6109,486.5206
"HCA Holdings, Inc. (NYSE:HCA)",NYSE:HCA,FY1997,17399,-305,15854,2783,10353,0,22002,13916,8086,9408,17494,967,7257,262500,4.4789,5.6933,3.7875,40.4965,0,15.9951,0.80704,1.34533,1.59502,116.3492
"HCA Holdings, Inc. (NYSE:HCA)",NYSE:HCA,FY1998,17239,379,15730,2756,10667,0,19429,11083,8346,6753,15099,925,6708,229500,4.5527,5.7872,7.3271,38.1228,0,15.987,0.83218,1.44958,1.08542,80.913
"HCA Holdings, Inc. (NYSE:HCA)",NYSE:HCA,FY1999,15388,657,13739,2743,9339,0,16885,10505,6380,6444,12824,813,6108,143000,5.6761,7.3819,9.6971,39.3098,0,17.8255,0.8475,1.64905,1.15399,101.0031
"HCA Holdings, Inc. (NYSE:HCA)",NYSE:HCA,FY2000,15415,219,13520,2928,9279,0,17568,12591,4977,6752,11729,793,6021,158500,6.8753,9.6474,5.3359,39.8053,0,18.9944,0.89484,1.60049,1.07534,135.664
"HCA Holdings, Inc. (NYSE:HCA)",NYSE:HCA,FY2001,16577,886,14425,3200,10139,0,17730,12405,5325,7760,13085,966,6076,148500,7.6208,10.8406,19.5107,38.8369,0,19.3038,0.93926,1.77393,1.30057,145.7276
"HCA Holdings, Inc. (NYSE:HCA)",NYSE:HCA,FY2002,18148,833,15461,3697,11110,0,18741,12428,6313,6943,13256,994,6450,152000,9.2093,12.751,16.8585,38.7811,0,20.3713,0.9952,1.90327,1.20487,109.9794
"HCA Holdings, Inc. (NYSE:HCA)",NYSE:HCA,FY2003,19601,1332,16992,3721,12204,0,21063,14174,6889,8707,15596,1151,7520,161000,8.1932,11.3033,22.4511,37.7378,0,18.9837,0.98488,1.83444,1.5221,126.3898
"HCA Holdings, Inc. (NYSE:HCA)",NYSE:HCA,FY2004,20833,1246,18367,3716,13320,0,21840,16624,5216,10530,15746,1185,7981,164650,7.1848,9.835,23.3622,36.0629,0,17.837,0.97117,1.67928,1.42519,201.8788
"HCA Holdings, Inc. (NYSE:HCA)",NYSE:HCA,FY2005,22097,1424,19462,4009,14054,0,22225,16534,5691,10475,16166,1212,8063,165450,7.4747,10.3213,29.3756,36.3986,0,18.1427,1.00293,1.75465,1.3389,184.0625
"HCA Holdings, Inc. (NYSE:HCA)",NYSE:HCA,FY2006,22817,1036,20178,4030,14731,0,23675,34142,-10467,28408,17941,1238,8178,161500,7.1868,9.6717,NM,35.4384,0,17.6622,0.9942,0.78482,1.69966,0
"HCA Holdings, Inc. (NYSE:HCA)",NYSE:HCA,FY2007,23728,874,20768,4386,15109,0,24025,33625,-9600,27308,17708,1240,8518,161000,7.7568,10.3789,NM,36.3241,0,18.4844,0.99488,0.90125,1.61211,0
"HCA Holdings, Inc. (NYSE:HCA)",NYSE:HCA,FY2008,24965,673,22030,4351,16060,0,24280,33540,-9260,26989,17729,1189,8670,165500,7.5949,10.3528,NM,35.6699,0,17.4283,1.03364,0.97924,1.61151,0
"HCA Holdings, Inc. (NYSE:HCA)",NYSE:HCA,FY2009,26776,1054,22975,5226,16826,0,24131,32109,-7978,26198,18220,1202,9108,165500,9.8144,13.2166,NM,37.1601,0,19.5174,1.10619,1.2336,1.52492,0
"HCA Holdings, Inc. (NYSE:HCA)",NYSE:HCA,FY2010,28035,1207,23870,5586,17445,0,23852,34646,-10794,28651,17857,1215,9438,170000,10.8501,14.4309,NM,37.7742,0,19.925,1.16854,1.18717,1.62075,0
"HCA Holdings, Inc. (NYSE:HCA)",NYSE:HCA,FY2011,29682,2465,25344,5803,18619,0,26898,33912,-7014,27451,20437,1416,10231,174500,10.6847,14.1601,NM,37.2717,0,19.5505,1.16973,1.45605,1.3023,0
"HCA Holdings, Inc. (NYSE:HCA)",NYSE:HCA,FY2012,33013,1605,28197,6495,20806,0,28075,36416,-8341,29359,21018,1429,10720,0,10.9508,14.5217,NM,36.9763,0,19.674,1.20106,1.4659,1.25778,0
"HCA Holdings, Inc. (NYSE:HCA)",NYSE:HCA,FY2013,34182,1556,29403,6532,21616,0,28831,35759,-6928,28671,21743,1487,11211,188500,10.4975,13.97,NM,36.762,0,19.1094,1.20135,1.67301,1.41124,0
CVS Caremark Corporation (NYSE:CVS),NYSE:CVS,FY1997,13749.6,88.8,13045.5,946.7,10031.3,2776,5920.5,3294,2626.5,798.7,3425.2,78.7,678.5,90000,7.578,12.9317,3.6658,27.0429,20.1896,6.8852,2.36772,4.65102,1.36736,30.4092
CVS Caremark Corporation (NYSE:CVS),NYSE:CVS,FY1998,15273.6,384.5,14343.1,1180.2,11144.4,2949,6686.2,3575.6,3110.6,1061.4,4172,91,777,97000,9.2262,15.3099,13.4039,27.0348,19.3078,7.727,2.42309,5.93994,1.38806,34.122
CVS Caremark Corporation (NYSE:CVS),NYSE:CVS,FY1999,18098.3,635.1,16962.8,1413.4,13236.9,3448,7275.4,3595.7,3679.7,1026.8,4706.5,89.6,826.6,100000,10.1662,15.9866,18.706,26.861,19.0515,7.8095,2.59258,6.74473,1.59452,27.9044
CVS Caremark Corporation (NYSE:CVS),NYSE:CVS,FY2000,20087.5,746,18784,1600.1,14725.8,3761.6,7949.5,3644.9,4304.6,1148,5452.6,97.1,967.6,75000,10.702,16.0385,18.6866,26.6917,18.726,7.9656,2.63877,6.663,1.66546,26.6691
CVS Caremark Corporation (NYSE:CVS),NYSE:CVS,FY2001,22241.4,413.2,21121.8,1440.4,16544.7,4256.3,8636.3,4069.4,4566.9,1072.6,5639.5,102.4,1013.6,80000,8.4379,12.617,9.3152,25.613,19.1368,6.4762,2.68198,6.44567,1.765,23.4863
CVS Caremark Corporation (NYSE:CVS),NYSE:CVS,FY2002,24181.5,716.6,22975.3,1516.5,18112.7,4552.3,9645.3,4448.3,5197,1113.1,6310.1,132.3,1379.5,79500,8.2473,12.6175,14.6785,25.0968,18.8255,6.2713,2.64545,5.43005,1.92604,21.4181
CVS Caremark Corporation (NYSE:CVS),NYSE:CVS,FY2003,26588,847.3,25164.4,1765.3,19725,5097.7,10543.1,4521.3,6021.8,1076.3,7098.1,180.7,1505.6,83000,8.8144,13.2717,15.105,25.8123,19.1729,6.6394,2.63399,5.46859,1.86189,17.8733
CVS Caremark Corporation (NYSE:CVS),NYSE:CVS,FY2004,30594.3,918.8,29139.6,1951.5,22563.1,6079.7,14546.8,7559.6,6987.2,2842.1,9829.3,262.6,1899.1,112000,7.2474,10.7421,14.1256,26.2506,19.872,6.3786,2.43877,4.50909,1.62993,40.6758
CVS Caremark Corporation (NYSE:CVS),NYSE:CVS,FY2005,37006.7,1224.7,34987.2,2608.6,27312.1,7675.1,15283.4,6952.2,8331.2,2189.1,10520.3,322.4,2127.7,114000,8.4624,12.405,15.9899,26.1968,20.7397,7.0489,2.48116,5.66948,1.83091,26.2759
CVS Caremark Corporation (NYSE:CVS),NYSE:CVS,FY2006,43821.4,1368.9,41379.8,3174.9,32079.2,9300.6,20574.1,10656.5,9917.6,5057.4,14975,601.3,801.9,136000,8.5114,11.9708,15.0026,26.7955,21.2238,7.245,2.4442,4.66033,1.48405,50.9941
CVS Caremark Corporation (NYSE:CVS),NYSE:CVS,FY2007,76330,2637,71263,6162,60222,11041,54721.9,23400,31321.9,10481.9,41803.8,586.4,896,240000,8.4118,11.1551,12.7887,21.1031,14.4648,8.0728,2.02746,3.24665,1.31423,33.465
CVS Caremark Corporation (NYSE:CVS),NYSE:CVS,FY2008,87472,3212,81426,7320,69182,12244,60960,26386,34574,11754,46328,1304,1525,260000,6.533,8.5752,10.1493,20.9095,13.9976,8.3683,1.51228,3.31475,1.22506,33.9966
CVS Caremark Corporation (NYSE:CVS),NYSE:CVS,FY2009,98215,3696,91790,7814,77857,13933,61641,25836,35805,11175,46980,1076,2020,253000,6.5507,8.6072,10.5145,20.7279,14.1862,7.956,1.60219,3.46386,1.42577,31.2107
CVS Caremark Corporation (NYSE:CVS),NYSE:CVS,FY2010,95778,3427,89641,7606,75559,14082,62169,24435,37734,10057,47791,1247,2265,240500,6.1959,8.0945,9.3066,21.1102,14.7027,7.9412,1.54718,3.52477,1.59946,26.6523
CVS Caremark Corporation (NYSE:CVS),NYSE:CVS,FY2011,107080,3462,100749,7899,86518,14231,64543,26462,38081,10014,48095,1295,2404,241000,6.2454,8.2532,9.2039,19.2024,13.29,7.3767,1.69013,3.68253,1.5552,26.2965
CVS Caremark Corporation (NYSE:CVS),NYSE:CVS,FY2012,123120,3864,115910,8963,100632,15278,66221,28568,37653,9828,47481,1429,2614,241500,6.8921,9.4296,10.2173,18.2651,12.409,7.2798,1.88309,4.07787,1.42481,26.1015
CVS Caremark Corporation (NYSE:CVS),NYSE:CVS,FY2013,126761,4592,118796,9835,102978,15818,71526,33588,37938,13402,51340,1460,2694,169000,7.2279,10.075,12.1707,18.762,12.4786,7.7586,1.84049,4.14459,1.64182,35.326
